repo_url,commit_sha,project_name,source_split,test_name,flaky_type,total_detection_count,unique_detector_count,avg_intended_length,avg_revealed_length,avg_length_diff,avg_round_time,avg_num_test_runs
https://github.com/kevinsawicki/http-request,2d62a3e9da726942a93cf16b6e91c0187e6c0136,kevinsawicki.http-request,comprehensive,com.github.kevinsawicki.http.HttpRequestTest.basicProxyAuthentication,OD,8,3,27.0,116.875,89.875,15.210119532875,1.0
https://github.com/kevinsawicki/http-request,2d62a3e9da726942a93cf16b6e91c0187e6c0136,kevinsawicki.http-request,comprehensive,com.github.kevinsawicki.http.HttpRequestTest.deleteWithEscapedMappedQueryParams,OD,9,3,38.0,82.0,50.888888888888886,15.089794428111112,1.0
https://github.com/kevinsawicki/http-request,2d62a3e9da726942a93cf16b6e91c0187e6c0136,kevinsawicki.http-request,comprehensive,com.github.kevinsawicki.http.HttpRequestTest.deleteWithEscapedVarargsQueryParams,OD,7,3,39.0,90.14285714285714,51.142857142857146,14.648557619857144,1.0
https://github.com/kevinsawicki/http-request,2d62a3e9da726942a93cf16b6e91c0187e6c0136,kevinsawicki.http-request,comprehensive,com.github.kevinsawicki.http.HttpRequestTest.deleteWithMappedQueryParams,OD,10,3,40.0,92.7,58.9,14.1391570814,1.0
https://github.com/kevinsawicki/http-request,2d62a3e9da726942a93cf16b6e91c0187e6c0136,kevinsawicki.http-request,comprehensive,com.github.kevinsawicki.http.HttpRequestTest.deleteWithVarargsQueryParams,OD,9,3,41.0,87.88888888888889,60.888888888888886,14.248786604,1.0
https://github.com/kevinsawicki/http-request,2d62a3e9da726942a93cf16b6e91c0187e6c0136,kevinsawicki.http-request,comprehensive,com.github.kevinsawicki.http.HttpRequestTest.getUrlEncodedWithPercent,OD,9,3,73.0,67.0,36.22222222222222,15.28683883088889,1.0
https://github.com/kevinsawicki/http-request,2d62a3e9da726942a93cf16b6e91c0187e6c0136,kevinsawicki.http-request,comprehensive,com.github.kevinsawicki.http.HttpRequestTest.getUrlEncodedWithSpace,OD,10,3,74.0,90.5,30.7,14.0075043272,1.0
https://github.com/kevinsawicki/http-request,2d62a3e9da726942a93cf16b6e91c0187e6c0136,kevinsawicki.http-request,comprehensive,com.github.kevinsawicki.http.HttpRequestTest.getUrlEncodedWithUnicode,OD,9,3,75.0,79.66666666666667,13.333333333333334,15.089794428111112,1.0
https://github.com/kevinsawicki/http-request,2d62a3e9da726942a93cf16b6e91c0187e6c0136,kevinsawicki.http-request,comprehensive,com.github.kevinsawicki.http.HttpRequestTest.getWithEscapedMappedQueryParams,OD,9,3,76.0,74.0,29.77777777777778,14.984681724222222,1.0
https://github.com/kevinsawicki/http-request,2d62a3e9da726942a93cf16b6e91c0187e6c0136,kevinsawicki.http-request,comprehensive,com.github.kevinsawicki.http.HttpRequestTest.getWithEscapedVarargsQueryParams,OD,8,3,77.0,89.0,28.75,16.4701881325,1.0
https://github.com/kevinsawicki/http-request,2d62a3e9da726942a93cf16b6e91c0187e6c0136,kevinsawicki.http-request,comprehensive,com.github.kevinsawicki.http.HttpRequestTest.getWithMappedQueryParams,OD,11,3,78.0,78.54545454545455,35.81818181818182,15.240944438636364,1.0
https://github.com/kevinsawicki/http-request,2d62a3e9da726942a93cf16b6e91c0187e6c0136,kevinsawicki.http-request,comprehensive,com.github.kevinsawicki.http.HttpRequestTest.getWithVarargsQueryParams,OD,8,3,81.0,77.125,22.875,13.915341433375,1.0
https://github.com/kevinsawicki/http-request,2d62a3e9da726942a93cf16b6e91c0187e6c0136,kevinsawicki.http-request,comprehensive,com.github.kevinsawicki.http.HttpRequestTest.headWithEscapedMappedQueryParams,OD,10,3,84.0,79.5,28.7,14.3164970439,1.0
https://github.com/kevinsawicki/http-request,2d62a3e9da726942a93cf16b6e91c0187e6c0136,kevinsawicki.http-request,comprehensive,com.github.kevinsawicki.http.HttpRequestTest.headWithEscapedVarargsQueryParams,OD,10,3,85.0,87.0,37.2,13.983841981500001,1.0
https://github.com/kevinsawicki/http-request,2d62a3e9da726942a93cf16b6e91c0187e6c0136,kevinsawicki.http-request,comprehensive,com.github.kevinsawicki.http.HttpRequestTest.headWithMappedQueryParams,OD,6,3,86.0,73.33333333333333,32.666666666666664,16.119976486833334,1.0
https://github.com/kevinsawicki/http-request,2d62a3e9da726942a93cf16b6e91c0187e6c0136,kevinsawicki.http-request,comprehensive,com.github.kevinsawicki.http.HttpRequestTest.headWithVaragsQueryParams,OD,8,3,87.0,85.375,27.125,13.915341433375,1.0
https://github.com/kevinsawicki/http-request,2d62a3e9da726942a93cf16b6e91c0187e6c0136,kevinsawicki.http-request,comprehensive,com.github.kevinsawicki.http.HttpRequestTest.postWithEscapedMappedQueryParams,OD,4,1,123.0,108.25,30.75,12.098756037,1.0
https://github.com/kevinsawicki/http-request,2d62a3e9da726942a93cf16b6e91c0187e6c0136,kevinsawicki.http-request,comprehensive,com.github.kevinsawicki.http.HttpRequestTest.postWithEscapedVarargsQueryParams,OD,3,1,124.0,125.33333333333333,21.333333333333332,12.036377463666666,1.0
https://github.com/kevinsawicki/http-request,2d62a3e9da726942a93cf16b6e91c0187e6c0136,kevinsawicki.http-request,comprehensive,com.github.kevinsawicki.http.HttpRequestTest.postWithMappedQueryParams,OD,4,1,126.0,99.0,34.0,9.955513859,1.0
https://github.com/kevinsawicki/http-request,2d62a3e9da726942a93cf16b6e91c0187e6c0136,kevinsawicki.http-request,comprehensive,com.github.kevinsawicki.http.HttpRequestTest.postWithNumericQueryParams,OD,6,1,127.0,103.5,35.166666666666664,8.370044205166666,1.0
https://github.com/kevinsawicki/http-request,2d62a3e9da726942a93cf16b6e91c0187e6c0136,kevinsawicki.http-request,comprehensive,com.github.kevinsawicki.http.HttpRequestTest.postWithVaragsQueryParams,OD,7,1,128.0,109.71428571428571,42.57142857142857,10.925583320285714,1.0
https://github.com/kevinsawicki/http-request,2d62a3e9da726942a93cf16b6e91c0187e6c0136,kevinsawicki.http-request,comprehensive,com.github.kevinsawicki.http.HttpRequestTest.putWithEscapedMappedQueryParams,OD,4,1,131.0,75.0,56.0,9.275660369,1.0
https://github.com/kevinsawicki/http-request,2d62a3e9da726942a93cf16b6e91c0187e6c0136,kevinsawicki.http-request,comprehensive,com.github.kevinsawicki.http.HttpRequestTest.putWithEscapedVarargsQueryParams,OD,2,1,132.0,90.5,41.5,4.92515719,1.0
https://github.com/kevinsawicki/http-request,2d62a3e9da726942a93cf16b6e91c0187e6c0136,kevinsawicki.http-request,comprehensive,com.github.kevinsawicki.http.HttpRequestTest.putWithMappedQueryParams,OD,5,1,133.0,104.2,43.2,9.5790985372,1.0
https://github.com/kevinsawicki/http-request,2d62a3e9da726942a93cf16b6e91c0187e6c0136,kevinsawicki.http-request,comprehensive,com.github.kevinsawicki.http.HttpRequestTest.putWithVarargsQueryParams,OD,6,1,134.0,73.0,61.0,11.530250650833333,1.0
https://github.com/kevinsawicki/http-request,2d62a3e9da726942a93cf16b6e91c0187e6c0136,kevinsawicki.http-request,comprehensive,com.github.kevinsawicki.http.HttpRequestTest.singleSslSocketFactory,OD,4,1,152.0,76.25,75.75,10.7796402235,1.0
https://github.com/kevinsawicki/http-request,2d62a3e9da726942a93cf16b6e91c0187e6c0136,kevinsawicki.http-request,comprehensive,com.github.kevinsawicki.http.HttpRequestTest.singleVerifier,OD,5,1,153.0,106.4,48.2,10.8430137132,1.0
https://github.com/kevinsawicki/http-request,2d62a3e9da726942a93cf16b6e91c0187e6c0136,kevinsawicki.http-request,comprehensive,com.github.kevinsawicki.http.HttpRequestTest.verifierAccepts,OD,3,1,162.0,131.0,31.0,12.036377463666666,1.0
